{"filename": "welding/train/good/3-r1.png", "label": 0, "label_name": "good", "clsname": "welding"}
{"filename": "welding/train/good/4-+10.png", "label": 0, "label_name": "good", "clsname": "welding"}
{"filename": "welding/train/good/4-+14.png", "label": 0, "label_name": "good", "clsname": "welding"}
{"filename": "welding/train/good/4-+15_row0_8.png", "label": 0, "label_name": "good", "clsname": "welding"}
{"filename": "welding/train/good/4-+19.png", "label": 0, "label_name": "good", "clsname": "welding"}
{"filename": "welding/train/good/4-+20.png", "label": 0, "label_name": "good", "clsname": "welding"}
{"filename": "welding/train/good/4-+8.png", "label": 0, "label_name": "good", "clsname": "welding"}
{"filename": "welding/train/good/4-+9.png", "label": 0, "label_name": "good", "clsname": "welding"}
{"filename": "welding/train/good/4-+9_row0_17.png", "label": 0, "label_name": "good", "clsname": "welding"}
{"filename": "welding/train/good/4--5.png", "label": 0, "label_name": "good", "clsname": "welding"}
{"filename": "welding/train/good/4-l5_row0_172.png", "label": 0, "label_name": "good", "clsname": "welding"}
{"filename": "welding/train/good/4-l6.png", "label": 0, "label_name": "good", "clsname": "welding"}
{"filename": "welding/train/good/6-+1.png", "label": 0, "label_name": "good", "clsname": "welding"}
{"filename": "welding/train/good/6-+13.png", "label": 0, "label_name": "good", "clsname": "welding"}
{"filename": "welding/train/good/6-+14.png", "label": 0, "label_name": "good", "clsname": "welding"}
{"filename": "welding/train/good/6-+2.png", "label": 0, "label_name": "good", "clsname": "welding"}
{"filename": "welding/train/good/6-+3.png", "label": 0, "label_name": "good", "clsname": "welding"}
{"filename": "welding/train/good/6-+4.png", "label": 0, "label_name": "good", "clsname": "welding"}
{"filename": "welding/train/good/6-+5.png", "label": 0, "label_name": "good", "clsname": "welding"}
{"filename": "welding/train/good/6-+7.png", "label": 0, "label_name": "good", "clsname": "welding"}
{"filename": "welding/train/good/6-+9.png", "label": 0, "label_name": "good", "clsname": "welding"}
{"filename": "welding/train/good/6--1.png", "label": 0, "label_name": "good", "clsname": "welding"}
{"filename": "welding/train/good/6--10_row0_48.png", "label": 0, "label_name": "good", "clsname": "welding"}
{"filename": "welding/train/good/6--2.png", "label": 0, "label_name": "good", "clsname": "welding"}
{"filename": "welding/train/good/6--3.png", "label": 0, "label_name": "good", "clsname": "welding"}
{"filename": "welding/train/good/6--30.png", "label": 0, "label_name": "good", "clsname": "welding"}
{"filename": "welding/train/good/6-l10_row0_84.png", "label": 0, "label_name": "good", "clsname": "welding"}
{"filename": "welding/train/good/6-l12_row0_87.png", "label": 0, "label_name": "good", "clsname": "welding"}
{"filename": "welding/train/good/6-l13_row0_88.png", "label": 0, "label_name": "good", "clsname": "welding"}
{"filename": "welding/train/good/6-l14_row0_90.png", "label": 0, "label_name": "good", "clsname": "welding"}
{"filename": "welding/train/good/6-l15_row0_91.png", "label": 0, "label_name": "good", "clsname": "welding"}
{"filename": "welding/train/good/6-l16.png", "label": 0, "label_name": "good", "clsname": "welding"}
{"filename": "welding/train/good/6-l6.png", "label": 0, "label_name": "good", "clsname": "welding"}
{"filename": "welding/train/good/6-l6_row0_130.png", "label": 0, "label_name": "good", "clsname": "welding"}
{"filename": "welding/train/good/6-l9_row0_135.png", "label": 0, "label_name": "good", "clsname": "welding"}
{"filename": "welding/train/good/6-r1.png", "label": 0, "label_name": "good", "clsname": "welding"}
{"filename": "welding/train/good/6-r3.png", "label": 0, "label_name": "good", "clsname": "welding"}
